case,tumor_dice_B,precision_B,recall_B,inside_fp_B,outside_fp_B,tumor_dice_C,precision_C,recall_C,inside_fp_C,outside_fp_C,tumor_dice_D,precision_D,recall_D,inside_fp_D,outside_fp_D,D_minus_B,D_minus_C,C_minus_B
liver_101,0.8966052627750645,0.8974800239342127,0.8957322051902684,34084,4638,0.9013147996125024,0.9003594001735036,0.9022722288136265,35252,2536,0.900870510704033,0.9041350381671264,0.8976294726494891,33844,2174,0.004265247928968541,-0.0004442889084693702,0.004709536837437911
liver_11,0.656112737920937,0.6341204563544707,0.6796852782254242,464,3673,0.6675518520214276,0.6455897980871413,0.6910607640534648,422,3580,0.7887706342311034,0.9232235922206686,0.6885012797421557,604,0,0.13265789631016633,0.12121878220967575,0.011439114100490588
liver_112,0.7624750499001997,0.7212990936555891,0.8086367485182049,369,0,0.6889367816091954,0.5982532751091703,0.8120237087214225,603,41,0.6628261606235174,0.5525423728813559,0.8281117696867062,693,99,-0.09964888927668225,-0.026110620985677957,-0.0735382682910043
liver_115,,,,0,0,0.0,0.0,,9,0,0.0,0.0,,12,0,,0.0,
liver_12,0.864212432106216,0.825836216839677,0.9063291139240506,151,0,0.8433734939759037,0.7712486883525709,0.930379746835443,218,0,0.7937662337662338,0.6731277533039648,0.9670886075949368,371,0,-0.07044619833998222,-0.04960726020966988,-0.020838938130312346
liver_120,0.713162034609334,0.5863513180586352,0.909959854712292,3305,53,0.7182082000148821,0.5879629629629629,0.9225769451347736,3301,81,0.6945270672218917,0.5683339418279177,0.8927547314089084,3526,21,-0.018634967387442303,-0.023681132792990334,0.005046165405548031
liver_128,0.803385344800895,0.7167904567903607,0.9137781615847964,116957,942,0.7700506504390919,0.6695809220755413,0.9059938202986958,144565,1431,0.798487257954591,0.7083652434932911,0.914883648289864,122215,784,-0.004898086846303995,0.028436607515499035,-0.03333469436180303
liver_17,0.8718429120638473,0.8048292902066487,0.9510298333156386,8683,6,0.8697978452971795,0.7995504517737125,0.9535778745089712,9001,6,0.8752218497337804,0.8169811320754717,0.9424036521923772,7916,38,0.0033789376699330242,0.005424004436600849,-0.0020450667666678246
liver_19,0.6249353138476281,0.4845305673611317,0.8799114853195165,17344,0,0.6110935377630575,0.4663069714610251,0.8862802245250432,18794,0,0.5977289986619897,0.4494262874544564,0.8921092400690847,20249,0,-0.02720631518563843,-0.01336453910106783,-0.0138417760845706
liver_24,0.7386070507308684,0.9502212389380532,0.6040787623066104,45,0,0.8553590010405827,0.8439425051334702,0.8670886075949367,228,0,0.7827799662352279,0.6524390243902439,0.9781997187060478,741,0,0.04417291550435953,-0.07257903480535477,0.1167519503097143
liver_25,0.0,,0.0,0,0,0.5162337662337663,0.9814814814814816,0.3502202643171806,3,0,0.0,,0.0,0,0,0.0,-0.5162337662337663,0.5162337662337663
liver_27,0.8163383990527655,0.7246427686462377,0.9346020890259557,65756,919,0.8136665288929963,0.7212646398946133,0.9332225435835158,66801,908,0.8164395309383098,0.7257435710468204,0.9330414449540064,65439,758,0.0001011318855442811,0.0027730020453134996,-0.0026718701597692185
liver_3,0.8438495857233907,0.7602641401091014,0.9480844969566774,832,3,0.8443804034582133,0.7636837532580365,0.9441460794844252,811,5,0.8347798642890958,0.746331828442438,0.9470103831006088,897,2,-0.009069721434294964,-0.009600539169117517,0.0005308177348225529
liver_38,,,,0,0,,,,0,0,,,,0,0,,,
liver_40,0.8187246590490233,0.8730728323699422,0.7707462442847812,12726,998,0.8213127785939925,0.8376673543369925,0.8055845852384063,17596,1525,0.8207531162305032,0.8785265216783869,0.7701094056172436,11993,1049,0.0020284571814799257,-0.000559662363489366,0.0025881195449692918
liver_41,0.0,0.0,,2934,22774,0.0,0.0,,5767,23459,0.0,0.0,,2790,22722,0.0,0.0,0.0
liver_42,0.7361260293591121,0.8900432900432901,0.6275946275946276,86,41,0.7496339677891655,0.9360146252285192,0.6251526251526252,63,7,0.7484706729039223,0.91148115687993,0.6349206349206349,100,1,0.012344643544810241,-0.001163294885243138,0.013507938430053379
liver_44,0.4503635156478743,0.9664088632461992,0.2935910532824345,1898,0,0.5356678674998341,0.9772290340496432,0.3689553201785042,1489,110,0.5009768004889995,0.9748433540121584,0.3371095220173127,1504,114,0.050613284841125206,-0.034691067010834575,0.08530435185195978
liver_5,0.8,0.9333333333333332,0.7,27,0,0.7995910020449898,0.8926940639269406,0.7240740740740741,47,0,0.7135969141755063,0.744466800804829,0.6851851851851852,127,0,-0.08640308582449374,-0.08599408786948348,-0.0004089979550102596
liver_51,0.8645303714415378,0.8318223195849584,0.8999159293806798,19415,3309,0.8623595505617978,0.8409358949971467,0.8849033187877817,18064,2841,0.8630834227985758,0.8336081043781844,0.8947195644341247,19052,3253,-0.0014469486429620204,0.0007238722367779449,-0.0021708208797399653
liver_52,0.8147263315874912,0.9266355465756289,0.7269348491473546,890,163,0.832784332514823,0.9209829116439264,0.760002186270223,971,222,0.8293575779398086,0.9194331714456788,0.7553563620463489,992,219,0.014631246352317384,-0.0034267545750144013,0.018058000927331785
liver_58,0.5484982767109798,0.9472789115646258,0.386001386001386,31,0,0.5868152274837511,0.8888888888888888,0.437976437976438,79,0,0.5398230088495575,0.9289340101522844,0.3804573804573805,42,0,-0.008675267861422364,-0.04699221863419367,0.03831695077277131
liver_64,0.9590999057627916,0.9846729323750484,0.934821573149146,2440,166,0.9581571997532472,0.9759607588778983,0.9409915518752828,3860,291,0.9623058102758936,0.9797764121792868,0.9454473374168728,3348,147,0.003205904513101987,0.004148610522646368,-0.0009427060095443807
liver_70,0.8676865171051651,0.9907134575084834,0.7718393900468239,869,4,0.862240138748916,0.992478687816985,0.7622177101893672,697,0,0.8700129536685811,0.989178403260204,0.7764720507189325,1025,0,0.0023264365634160233,0.007772814919665083,-0.00544637835624906
liver_75,0.8064240560396377,0.7492063492063492,0.8731039585645579,790,0,0.7929471032745592,0.7260147601476015,0.8734739178690344,891,0,0.8065900120130427,0.7522407170294494,0.8694043655197928,774,0,0.00016595597340496315,0.013642908738483506,-0.013476952765078543
liver_77,0.5267249757045676,0.8381443298969072,0.3840340103920642,311,3,0.4501906182662025,0.754863813229572,0.3207368918280586,411,30,0.5354306658521686,0.757562662057044,0.4140292867264997,409,152,0.00870569014760103,0.0852400475859661,-0.07653435743836506
liver_82,0.9206098241497233,0.932836037289954,0.9086999505684626,9150,115,0.916701428446236,0.9101451292938432,0.9233528705599888,12634,275,0.916973295671099,0.9251424916086278,0.9089471082550667,10109,306,-0.003636528478624279,0.0002718672248629428,-0.003908395703487222
